"id","fqdn/ip","port","severity","finding","cve","cwe"
"service","systeme-de-design.gouv.fr/160.92.25.211","443","INFO","HTTP","",""
"pre_128cipher","systeme-de-design.gouv.fr/160.92.25.211","443","INFO","No 128 cipher limit bug","",""
"SSLv2","systeme-de-design.gouv.fr/160.92.25.211","443","OK","not offered","",""
"SSLv3","systeme-de-design.gouv.fr/160.92.25.211","443","OK","not offered","",""
"TLS1","systeme-de-design.gouv.fr/160.92.25.211","443","INFO","not offered","",""
"TLS1_1","systeme-de-design.gouv.fr/160.92.25.211","443","INFO","not offered","",""
"TLS1_2","systeme-de-design.gouv.fr/160.92.25.211","443","OK","offered","",""
"TLS1_3","systeme-de-design.gouv.fr/160.92.25.211","443","INFO","not offered + downgraded to weaker protocol","",""
"ALPN","systeme-de-design.gouv.fr/160.92.25.211","443","INFO","not offered","",""
"cipherlist_NULL","systeme-de-design.gouv.fr/160.92.25.211","443","OK","not offered","","CWE-327"
"cipherlist_aNULL","systeme-de-design.gouv.fr/160.92.25.211","443","OK","not offered","","CWE-327"
"cipherlist_EXPORT","systeme-de-design.gouv.fr/160.92.25.211","443","OK","not offered","","CWE-327"
"cipherlist_LOW","systeme-de-design.gouv.fr/160.92.25.211","443","OK","not offered","","CWE-327"
"cipherlist_3DES_IDEA","systeme-de-design.gouv.fr/160.92.25.211","443","INFO","not offered","","CWE-310"
"cipherlist_OBSOLETED","systeme-de-design.gouv.fr/160.92.25.211","443","LOW","offered","","CWE-310"
"cipherlist_STRONG_NOFS","systeme-de-design.gouv.fr/160.92.25.211","443","INFO","not offered","",""
"cipherlist_STRONG_FS","systeme-de-design.gouv.fr/160.92.25.211","443","OK","offered","",""
"cipher_order-tls1_2","systeme-de-design.gouv.fr/160.92.25.211","443","OK","server","",""
"cipherorder_TLSv1_2","systeme-de-design.gouv.fr/160.92.25.211","443","INFO","ECDHE-RSA-AES128-GCM-SHA256","",""
"cipher_order","systeme-de-design.gouv.fr/160.92.25.211","443","OK","server","",""
"FS","systeme-de-design.gouv.fr/160.92.25.211","443","OK","offered","",""
"FS_ciphers","systeme-de-design.gouv.fr/160.92.25.211","443","INFO","DHE-RSA-AES128-GCM-SHA256 DHE-RSA-AES128-SHA256 DHE-RSA-AES128-SHA ECDHE-RSA-AES128-GCM-SHA256 ECDHE-RSA-AES128-SHA256 ECDHE-RSA-AES128-SHA","",""
"FS_ECDHE_curves","systeme-de-design.gouv.fr/160.92.25.211","443","OK","prime256v1","",""
"TLS_extensions","systeme-de-design.gouv.fr/160.92.25.211","443","INFO","'server name/#0' 'renegotiation info/#65281' 'EC point formats/#11' 'heartbeat/#15'","",""
"TLS_session_ticket","systeme-de-design.gouv.fr/160.92.25.211","443","INFO","no -- no lifetime advertised","",""
"SSL_sessionID_support","systeme-de-design.gouv.fr/160.92.25.211","443","INFO","yes","",""
"sessionresumption_ticket","systeme-de-design.gouv.fr/160.92.25.211","443","INFO","not supported","",""
"sessionresumption_ID","systeme-de-design.gouv.fr/160.92.25.211","443","INFO","supported","",""
"TLS_timestamp","systeme-de-design.gouv.fr/160.92.25.211","443","INFO","random","",""
"cert_compression","systeme-de-design.gouv.fr/160.92.25.211","443","INFO","N/A","",""
"clientAuth","systeme-de-design.gouv.fr/160.92.25.211","443","INFO","none","",""
"cert_numbers","systeme-de-design.gouv.fr/160.92.25.211","443","INFO","1","",""
"cert_signatureAlgorithm","systeme-de-design.gouv.fr/160.92.25.211","443","OK","SHA256 with RSA","",""
"cert_keySize","systeme-de-design.gouv.fr/160.92.25.211","443","INFO","RSA 2048 bits (exponent is 65537)","",""
"cert_keyUsage","systeme-de-design.gouv.fr/160.92.25.211","443","INFO","Digital Signature, Key Encipherment","",""
"cert_extKeyUsage","systeme-de-design.gouv.fr/160.92.25.211","443","INFO","TLS Web Server Authentication","",""
"cert_serialNumber","systeme-de-design.gouv.fr/160.92.25.211","443","INFO","39D4FF2194E05316785058ED11BE511D","",""
"cert_serialNumberLen","systeme-de-design.gouv.fr/160.92.25.211","443","INFO","16","",""
"cert_fingerprintSHA1","systeme-de-design.gouv.fr/160.92.25.211","443","INFO","3DB49CF42FFEA89E01B72583BADA1C2979107D54","",""
"cert_fingerprintSHA256","systeme-de-design.gouv.fr/160.92.25.211","443","INFO","3067BCC9164AE6BFF4F09F3B5B089F45C9BCA4B420259487E06D9E573BC1DDBC","",""
"cert","systeme-de-design.gouv.fr/160.92.25.211","443","INFO","-----BEGIN CERTIFICATE-----\nMIIIpjCCBo6gAwIBAgIQOdT/IZTgUxZ4UFjtEb5RHTANBgkqhkiG9w0BAQsFADB9MQswCQYDVQQGEwJGUjESMBAGA1UECgwJREhJTVlPVElTMRwwGgYDVQQLDBMwMDAyIDQ4MTQ2MzA4MTAwMDM2MR0wGwYDVQRhDBROVFJGUi00ODE0NjMwODEwMDAzNjEdMBsGA1UEAwwUQ2VydGlnbmEgU2VydmljZXMgQ0EwHhcNMjIwNDIwMjIwMDAwWhcNMjMwNDIwMjE1OTU5WjCBsjELMAkGA1UEBhMCRlIxDjAMBgNVBAcMBVBBUklTMTwwOgYDVQQKDDNESVJFQ1RJT04gREVTIFNFUlZJQ0VTIEFETUlOSVNUUkFUSUZTIEVUIEZJTkFOQ0lFUlMxHDAaBgNVBAsMEzAwMDIgMTIwMDAxMDM3MDAwMjMxIjAgBgNVBAMMGXN5c3RlbWUtZGUtZGVzaWduLmdvdXYuZnIxEzARBgNVBAUTClMyMzM5OTA4ODMwggEiMA0GCSqGSIb3DQEBAQUAA4IBDwAwggEKAoIBAQDP8PflIGXF9Dz2v79eSB4fg15U84A4uLQkvy8iaPxBlckX0WvnOLYWWzHI1gnqbmCv9h7YmVQr5KN6x8+dTp+JleVo3jpgsXBQNWT5Z2PPH5+MrXJ7j35L2ypxIUmqtZDsm3eeTUKAgkRWgYS7Yh33QitBipsR29hZixqnPsuGatvg6ptg1WpKw6AGeepG4xABSFo6dDVxMOHx8jvA1VSk7wo5sICxoCDVaTBAnWJC31qo8I0o3YdBNqzzGgwWQrNxrnSfZiyEHaAp4c56MDSFjB1r0WUh+SuCNLTO0/iQ7HxLPuwOd6tZ6tbc9ztTeKgXcOMCK1G1WdHiyC/rRbIvAgMBAAGjggPqMIID5jCB5AYIKwYBBQUHAQEEgdcwgdQwOAYIKwYBBQUHMAKGLGh0dHA6Ly9hdXRvcml0ZS5kaGlteW90aXMuY29tL3NlcnZpY2VzY2EuZGVyMDYGCCsGAQUFBzAChipodHRwOi8vYXV0b3JpdGUuY2VydGlnbmEuZnIvc2VydmljZXNjYS5kZXIwMAYIKwYBBQUHMAGGJGh0dHA6Ly9zZXJ2aWNlc2NhLm9jc3AuZGhpbXlvdGlzLmNvbTAuBggrBgEFBQcwAYYiaHR0cDovL3NlcnZpY2VzY2Eub2NzcC5jZXJ0aWduYS5mcjAfBgNVHSMEGDAWgBSs7IaPSzccuH8XGxnQruhO4zRcEjAJBgNVHRMEAjAAMGEGA1UdIARaMFgwCAYGZ4EMAQICMEwGCyqBegGBMQIFAQEBMD0wOwYIKwYBBQUHAgEWL2h0dHBzOi8vd3d3LmNlcnRpZ25hLmNvbS9hdXRvcml0ZS1jZXJ0aWZpY2F0aW9uMGUGA1UdHwReMFwwK6ApoCeGJWh0dHA6Ly9jcmwuY2VydGlnbmEuZnIvc2VydmljZXNjYS5jcmwwLaAroCmGJ2h0dHA6Ly9jcmwuZGhpbXlvdGlzLmNvbS9zZXJ2aWNlc2NhLmNybDATBgNVHSUEDDAKBggrBgEFBQcDATAOBgNVHQ8BAf8EBAMCBaAwQwYDVR0RBDwwOoIZc3lzdGVtZS1kZS1kZXNpZ24uZ291di5mcoIdd3d3LnN5c3RlbWUtZGUtZGVzaWduLmdvdXYuZnIwHQYDVR0OBBYEFO9a1Ah3efl2nGOubRi8xlxByEabMIIBfAYKKwYBBAHWeQIEAgSCAWwEggFoAWYAdQCt9776fP8QyIudPZwePhhqtGcpXc+xDCTKhYY069yCigAAAYBMUE9IAAAEAwBGMEQCIBcbPI6dBkjHITfeNzN5u3Aavr0VKsXSTP3HqwcRSuHsAiAMf9DO0HX7OkhPQi5M5LE5MFLo0rk3gAMHJVtX2bR7vAB2AOg+0No+9QY1MudXKLyJa8kD08vREWvs62nhd31tBr1uAAABgExQU5sAAAQDAEcwRQIgdu/z2o287rGvPPWlyh8c7NMPbXBZwglbtuyo4q4t9GACIQDbzJC0PtweCSq6aOLP4i72cFBrHZ2KhJMNjedVPaAqjgB1ADXPGRu/sWxXvw+tTG1Cy7u2JyAmUeo/4SrvqAPDO9ZMAAABgExQWEAAAAQDAEYwRAIgS142kjSuwBtsF6Pl6dhDoYHSWsSGry3X0MoPnKNIS5sCIHB+yopNaXZuBSmtkw97bTY54PPtm6jihIMBDzuQpTjPMA0GCSqGSIb3DQEBCwUAA4ICAQBTtvvAcGUxSMIeRBF9eMqKSoteMtUGfJ3/agr2ncsv/WMzt63lonIzuikIPwrZlDwyCWtO10NvPOBTv52l9H4VS/vRTLAw9+hcAI35q8oA6pRA6jgH2DN6ZzoSMF3CmWhenPBsm6ie9oIcnd2lCqgXuxp9jccFZQ8up1PqQAz6C+DL8CXYucsu7+gzByr1HbDVgdiLdWr9T50ZXRNEOSHhfTEFwdG+a4hKqO2bzLsD99Gg18cOukSNvB9Of0BWp9dS5WOt3zGVSW7+Pn2h4eEIy/21oVfGxjogHbCgaQ/lGux0SP3gzm8i/+Z/At1ZOirvHjLzoOHMenj9INjRMu1heWPVuuyRJ0yx9ieVgsU2Y+SJ07VodFNoVvsyCl6XC6BrUAMqotCSP0JXk2Z/QvTnnkKZ7B0X9hcBopa9qxMlsnzHnDfqGMC6+yAqhEtpNvYV0PF7edrDeFgCVXM5M9+yQXR8JxfW7kOBe80iKWUixkGWMF78WjHwLgRAbZXfyOuQIS9az4xP3zFcOfDhxzqX0Gocxk17gMUALqHfYi9fpTM9Z+D0KuF8P3VdzVh+/aNRTKkM8sa9usO7A8ry2QGxi+0/chIPLkZjMzuME8SOKEoDjxyI9HRNkWUDZKtBGblzwNUnfRFSJJHKny/T7IT2/C8nVU8TGdX8IJWD3hMpbw==\n-----END CERTIFICATE-----","",""
"cert_commonName","systeme-de-design.gouv.fr/160.92.25.211","443","OK","systeme-de-design.gouv.fr","",""
"cert_commonName_wo_SNI","systeme-de-design.gouv.fr/160.92.25.211","443","INFO","ext.ssl-gouv.fr","",""
"cert_subjectAltName","systeme-de-design.gouv.fr/160.92.25.211","443","INFO","systeme-de-design.gouv.fr www.systeme-de-design.gouv.fr","",""
"cert_trust","systeme-de-design.gouv.fr/160.92.25.211","443","OK","Ok via SAN and CN (SNI mandatory)","",""
"cert_chain_of_trust","systeme-de-design.gouv.fr/160.92.25.211","443","CRITICAL","failed (expired).","",""
"cert_certificatePolicies_EV","systeme-de-design.gouv.fr/160.92.25.211","443","INFO","no","",""
"cert_expirationStatus","systeme-de-design.gouv.fr/160.92.25.211","443","CRITICAL","expired","",""
"cert_notBefore","systeme-de-design.gouv.fr/160.92.25.211","443","INFO","2022-04-20 22:00","",""
"cert_notAfter","systeme-de-design.gouv.fr/160.92.25.211","443","CRITICAL","2023-04-20 21:59","",""
"cert_extlifeSpan","systeme-de-design.gouv.fr/160.92.25.211","443","OK","certificate has no extended life time according to browser forum","",""
"cert_eTLS","systeme-de-design.gouv.fr/160.92.25.211","443","INFO","not present","",""
"cert_crlDistributionPoints","systeme-de-design.gouv.fr/160.92.25.211","443","INFO","http://crl.certigna.fr/servicesca.crl http://crl.dhimyotis.com/servicesca.crl","",""
"cert_ocspURL","systeme-de-design.gouv.fr/160.92.25.211","443","INFO","http://servicesca.ocsp.dhimyotis.com http://servicesca.ocsp.certigna.fr","",""
"OCSP_stapling","systeme-de-design.gouv.fr/160.92.25.211","443","LOW","not offered","",""
"cert_mustStapleExtension","systeme-de-design.gouv.fr/160.92.25.211","443","INFO","--","",""
"DNS_CAArecord","systeme-de-design.gouv.fr/160.92.25.211","443","LOW","--","",""
"certificate_transparency","systeme-de-design.gouv.fr/160.92.25.211","443","OK","yes (certificate extension)","",""
"certs_countServer","systeme-de-design.gouv.fr/160.92.25.211","443","INFO","2","",""
"certs_list_ordering_problem","systeme-de-design.gouv.fr/160.92.25.211","443","INFO","no","",""
"cert_caIssuers","systeme-de-design.gouv.fr/160.92.25.211","443","INFO","Certigna Services CA (DHIMYOTIS from FR)","",""
"intermediate_cert <#1>","systeme-de-design.gouv.fr/160.92.25.211","443","INFO","-----BEGIN CERTIFICATE-----\nMIIGFjCCBP6gAwIBAgIQb4L6KKzW94S7WxILqHNnrTANBgkqhkiG9w0BAQsFADA0MQswCQYDVQQGEwJGUjESMBAGA1UECgwJRGhpbXlvdGlzMREwDwYDVQQDDAhDZXJ0aWduYTAeFw0xNTExMjUxMTMzNTJaFw0yNTExMjIxMTMzNTJaMH0xCzAJBgNVBAYTAkZSMRIwEAYDVQQKDAlESElNWU9USVMxHDAaBgNVBAsMEzAwMDIgNDgxNDYzMDgxMDAwMzYxHTAbBgNVBGEMFE5UUkZSLTQ4MTQ2MzA4MTAwMDM2MR0wGwYDVQQDDBRDZXJ0aWduYSBTZXJ2aWNlcyBDQTCCAiIwDQYJKoZIhvcNAQEBBQADggIPADCCAgoCggIBALPM+7LpWBz9wFcPaTc3xnB+5g0XrnptB0EPPfrR04vO52Ykm4ky1d4ZLd10tbM1fa1RqNSOVWWg93O4pL7zCFKlz6JV74ZZVhHpEAwzBwv2oPnxvVbxtSN67xsSY66ahUYxjzs8+3FhmsiRxqwnTYvK2u70uglUvRisOKyTL/M6JnrC4y8tlmoz7OSa5BmBMVplJFQtvmON6N9aHLvYMz+EyJPCbXL6pELxeHjFT5QmIaRamsr2DOTaCjtBZKI1Wnh3X7lnbjM8MESJiV2t7E9tIQNG0Z/HI3tO4aaUMum3KysY5sC8v3vi7rryGidgzHQhrtP0ZXWW5UH/k7umLS/P/XXWnCFpc2Lxa1uDGfc2im7xibRoPP+JNZszN76euFlls6jyEXAiwnVr14tVVTewLK0OWs5SJHpEKp8PGMZRDj59EmMvokWwzL6QzNZ6vVAp00oOm05sbspNY9+MFqGKKUsKvhFGEa4XmRNxDe6KswLcjPZB+NKHZ0QWFd4ip5C5XmEK/8qIPjwVr9dah9+oiHGGO8Wx7gJAMF5DTmkvW7GhqCKj1LmHnabjzc8av6kxWVQZi/C7HCm9i/W4wio+JA2EAFLqNL3GPNbK9kau4yPhQt/c7zxzo0OHnlsV4THCG7oOCd3cfCiyfQcb3FBt6OSpaKRZxjCLBwP00r0fAgMBAAGjggHZMIIB1TASBgNVHRMBAf8ECDAGAQH/AgEAMA4GA1UdDwEB/wQEAwIBBjAdBgNVHQ4EFgQUrOyGj0s3HLh/FxsZ0K7oTuM0XBIwZAYDVR0jBF0wW4AUGu3+QTmQtCRZvgHyUtVF9lo53BGhOKQ2MDQxCzAJBgNVBAYTAkZSMRIwEAYDVQQKDAlEaGlteW90aXMxETAPBgNVBAMMCENlcnRpZ25hggkA/tzjAQ/JSP8wSQYDVR0gBEIwQDA+BgoqgXoBgTEBAAECMDAwLgYIKwYBBQUHAgEWImh0dHBzOi8vd3d3LmNlcnRpZ25hLmZyL2F1dG9yaXRlcy8wfAYIKwYBBQUHAQEEcDBuMDQGCCsGAQUFBzAChihodHRwOi8vYXV0b3JpdGUuY2VydGlnbmEuZnIvY2VydGlnbmEuZGVyMDYGCCsGAQUFBzAChipodHRwOi8vYXV0b3JpdGUuZGhpbXlvdGlzLmNvbS9jZXJ0aWduYS5kZXIwYQYDVR0fBFowWDApoCegJYYjaHR0cDovL2NybC5jZXJ0aWduYS5mci9jZXJ0aWduYS5jcmwwK6ApoCeGJWh0dHA6Ly9jcmwuZGhpbXlvdGlzLmNvbS9jZXJ0aWduYS5jcmwwDQYJKoZIhvcNAQELBQADggEBAGLft7gIuGPZVfg0cTM+HT2xAZFPDb/2+siH06x+dH044zMKbBINbRzhKipwB1A3MW8FQjveE9tyrfyuqZE/X+o2SlGcdNV44ybYkxo4f6kcLEavV/IW+oFEnojZlhpksYcxrvQoEyqkAwshe8IS2KtZHKVACrt+XSs0lwvy7ALGmHaF7A4by6cZWItA7Lhj8XWp+8tBJDj7HocRbWtxzEODdBuyMgJzFrNjc+97J0vH/K0+3yjmkczpKshMA0tM+MF9XDMN/MuwrPmUWGO/fHiqHgUp8yqeWtl1n44ZxkkK1t9GRwhnDWLv73/xhTmdhWYQ/reo0GbgBoLiltKmIJQ=\n-----END CERTIFICATE-----","",""
"intermediate_cert_fingerprintSHA256 <#1>","systeme-de-design.gouv.fr/160.92.25.211","443","INFO","71E653BFBF5E72515B4099BBD5EC8872812B47C6EC1FA9ADD327E1C92C9EA16D","",""
"intermediate_cert_notBefore <#1>","systeme-de-design.gouv.fr/160.92.25.211","443","INFO","2015-11-25 11:33","",""
"intermediate_cert_notAfter <#1>","systeme-de-design.gouv.fr/160.92.25.211","443","OK","2025-11-22 11:33","",""
"intermediate_cert_expiration <#1>","systeme-de-design.gouv.fr/160.92.25.211","443","OK","ok > 40 days","",""
"intermediate_cert_chain <#1>","systeme-de-design.gouv.fr/160.92.25.211","443","INFO","Certigna Services CA <-- Certigna","",""
"intermediate_cert_badOCSP","systeme-de-design.gouv.fr/160.92.25.211","443","OK","intermediate certificate(s) is/are ok","",""
"HTTP_status_code","systeme-de-design.gouv.fr/160.92.25.211","443","WARN","Unexpected 503 Service Unavailable @ '/'","",""
"HTTP_clock_skew","systeme-de-design.gouv.fr/160.92.25.211","443","INFO","Got no HTTP time, maybe try different URL?","",""
"HSTS","systeme-de-design.gouv.fr/160.92.25.211","443","LOW","not offered","",""
"HPKP","systeme-de-design.gouv.fr/160.92.25.211","443","INFO","No support for HTTP Public Key Pinning","",""
"banner_server","systeme-de-design.gouv.fr/160.92.25.211","443","INFO","No Server banner line in header, interesting!","",""
"banner_application","systeme-de-design.gouv.fr/160.92.25.211","443","INFO","No application banner found","",""
"cookie_count","systeme-de-design.gouv.fr/160.92.25.211","443","INFO","0 at '/' (30x detected, better try target URL of 30x)","",""
"Cache-Control","systeme-de-design.gouv.fr/160.92.25.211","443","INFO","no-cache","",""
"banner_reverseproxy","systeme-de-design.gouv.fr/160.92.25.211","443","INFO","--","","CWE-200"
"heartbleed","systeme-de-design.gouv.fr/160.92.25.211","443","OK","not vulnerable","CVE-2014-0160","CWE-119"
"CCS","systeme-de-design.gouv.fr/160.92.25.211","443","OK","not vulnerable","CVE-2014-0224","CWE-310"
"ticketbleed","systeme-de-design.gouv.fr/160.92.25.211","443","OK","no session ticket extension","CVE-2016-9244","CWE-200"
"ROBOT","systeme-de-design.gouv.fr/160.92.25.211","443","OK","not vulnerable, no RSA key transport cipher","CVE-2017-17382 CVE-2017-17427 CVE-2017-17428 CVE-2017-13098 CVE-2017-1000385 CVE-2017-13099 CVE-2016-6883 CVE-2012-5081 CVE-2017-6168","CWE-203"
"secure_renego","systeme-de-design.gouv.fr/160.92.25.211","443","OK","supported","","CWE-310"
"secure_client_renego","systeme-de-design.gouv.fr/160.92.25.211","443","OK","not vulnerable","CVE-2011-1473","CWE-310"
"CRIME_TLS","systeme-de-design.gouv.fr/160.92.25.211","443","OK","not vulnerable","CVE-2012-4929","CWE-310"
"BREACH","systeme-de-design.gouv.fr/160.92.25.211","443","OK","not vulnerable, no gzip/deflate/compress/br HTTP compression  - only supplied '/' tested","CVE-2013-3587","CWE-310"
"POODLE_SSL","systeme-de-design.gouv.fr/160.92.25.211","443","OK","not vulnerable, no SSLv3","CVE-2014-3566","CWE-310"
"fallback_SCSV","systeme-de-design.gouv.fr/160.92.25.211","443","OK","no protocol below TLS 1.2 offered","",""
"SWEET32","systeme-de-design.gouv.fr/160.92.25.211","443","OK","not vulnerable","CVE-2016-2183 CVE-2016-6329","CWE-327"
"FREAK","systeme-de-design.gouv.fr/160.92.25.211","443","OK","not vulnerable","CVE-2015-0204","CWE-310"
"DROWN","systeme-de-design.gouv.fr/160.92.25.211","443","OK","not vulnerable on this host and port","CVE-2016-0800 CVE-2016-0703","CWE-310"
"DROWN_hint","systeme-de-design.gouv.fr/160.92.25.211","443","INFO","Make sure you don't use this certificate elsewhere with SSLv2 enabled services, see https://search.censys.io/search?resource=hosts&virtual_hosts=INCLUDE&q=3067BCC9164AE6BFF4F09F3B5B089F45C9BCA4B420259487E06D9E573BC1DDBC","CVE-2016-0800 CVE-2016-0703","CWE-310"
"LOGJAM-common_primes","systeme-de-design.gouv.fr/160.92.25.211","443","INFO","HAProxy","CVE-2015-4000","CWE-310"
"LOGJAM","systeme-de-design.gouv.fr/160.92.25.211","443","OK","not vulnerable, no DH EXPORT ciphers,","CVE-2015-4000","CWE-310"
"BEAST","systeme-de-design.gouv.fr/160.92.25.211","443","OK","not vulnerable, no SSL3 or TLS1","CVE-2011-3389","CWE-20"
"LUCKY13","systeme-de-design.gouv.fr/160.92.25.211","443","LOW","potentially vulnerable, uses TLS CBC ciphers","CVE-2013-0169","CWE-310"
"winshock","systeme-de-design.gouv.fr/160.92.25.211","443","OK","not vulnerable","CVE-2014-6321","CWE-94"
"RC4","systeme-de-design.gouv.fr/160.92.25.211","443","OK","not vulnerable","CVE-2013-2566 CVE-2015-2808","CWE-310"
"clientsimulation-android_60","systeme-de-design.gouv.fr/160.92.25.211","443","INFO","TLSv1.2 ECDHE-RSA-AES128-GCM-SHA256","",""
"clientsimulation-android_70","systeme-de-design.gouv.fr/160.92.25.211","443","INFO","TLSv1.2 ECDHE-RSA-AES128-GCM-SHA256","",""
"clientsimulation-android_81","systeme-de-design.gouv.fr/160.92.25.211","443","INFO","TLSv1.2 ECDHE-RSA-AES128-GCM-SHA256","",""
"clientsimulation-android_90","systeme-de-design.gouv.fr/160.92.25.211","443","INFO","TLSv1.2 ECDHE-RSA-AES128-GCM-SHA256","",""
"clientsimulation-android_X","systeme-de-design.gouv.fr/160.92.25.211","443","INFO","TLSv1.2 ECDHE-RSA-AES128-GCM-SHA256","",""
"clientsimulation-android_11","systeme-de-design.gouv.fr/160.92.25.211","443","INFO","TLSv1.2 ECDHE-RSA-AES128-GCM-SHA256","",""
"clientsimulation-android_12","systeme-de-design.gouv.fr/160.92.25.211","443","INFO","TLSv1.2 ECDHE-RSA-AES128-GCM-SHA256","",""
"clientsimulation-chrome_79_win10","systeme-de-design.gouv.fr/160.92.25.211","443","INFO","TLSv1.2 ECDHE-RSA-AES128-GCM-SHA256","",""
"clientsimulation-chrome_101_win10","systeme-de-design.gouv.fr/160.92.25.211","443","INFO","TLSv1.2 ECDHE-RSA-AES128-GCM-SHA256","",""
"clientsimulation-firefox_66_win81","systeme-de-design.gouv.fr/160.92.25.211","443","INFO","TLSv1.2 ECDHE-RSA-AES128-GCM-SHA256","",""
"clientsimulation-firefox_100_win10","systeme-de-design.gouv.fr/160.92.25.211","443","INFO","TLSv1.2 ECDHE-RSA-AES128-GCM-SHA256","",""
"clientsimulation-ie_6_xp","systeme-de-design.gouv.fr/160.92.25.211","443","INFO","No connection","",""
"clientsimulation-ie_8_win7","systeme-de-design.gouv.fr/160.92.25.211","443","INFO","No connection","",""
"clientsimulation-ie_8_xp","systeme-de-design.gouv.fr/160.92.25.211","443","INFO","No connection","",""
"clientsimulation-ie_11_win7","systeme-de-design.gouv.fr/160.92.25.211","443","INFO","TLSv1.2 ECDHE-RSA-AES128-SHA256","",""
"clientsimulation-ie_11_win81","systeme-de-design.gouv.fr/160.92.25.211","443","INFO","TLSv1.2 ECDHE-RSA-AES128-SHA256","",""
"clientsimulation-ie_11_winphone81","systeme-de-design.gouv.fr/160.92.25.211","443","INFO","TLSv1.2 ECDHE-RSA-AES128-SHA256","",""
"clientsimulation-ie_11_win10","systeme-de-design.gouv.fr/160.92.25.211","443","INFO","TLSv1.2 ECDHE-RSA-AES128-GCM-SHA256","",""
"clientsimulation-edge_15_win10","systeme-de-design.gouv.fr/160.92.25.211","443","INFO","TLSv1.2 ECDHE-RSA-AES128-GCM-SHA256","",""
"clientsimulation-edge_101_win10_21h2","systeme-de-design.gouv.fr/160.92.25.211","443","INFO","TLSv1.2 ECDHE-RSA-AES128-GCM-SHA256","",""
"clientsimulation-safari_121_ios_122","systeme-de-design.gouv.fr/160.92.25.211","443","INFO","TLSv1.2 ECDHE-RSA-AES128-GCM-SHA256","",""
"clientsimulation-safari_130_osx_10146","systeme-de-design.gouv.fr/160.92.25.211","443","INFO","TLSv1.2 ECDHE-RSA-AES128-GCM-SHA256","",""
"clientsimulation-safari_154_osx_1231","systeme-de-design.gouv.fr/160.92.25.211","443","INFO","TLSv1.2 ECDHE-RSA-AES128-GCM-SHA256","",""
"clientsimulation-java_7u25","systeme-de-design.gouv.fr/160.92.25.211","443","INFO","No connection","",""
"clientsimulation-java_8u161","systeme-de-design.gouv.fr/160.92.25.211","443","INFO","TLSv1.2 ECDHE-RSA-AES128-GCM-SHA256","",""
"clientsimulation-java1102","systeme-de-design.gouv.fr/160.92.25.211","443","INFO","TLSv1.2 ECDHE-RSA-AES128-GCM-SHA256","",""
"clientsimulation-java1703","systeme-de-design.gouv.fr/160.92.25.211","443","INFO","TLSv1.2 ECDHE-RSA-AES128-GCM-SHA256","",""
"clientsimulation-go_1178","systeme-de-design.gouv.fr/160.92.25.211","443","INFO","TLSv1.2 ECDHE-RSA-AES128-GCM-SHA256","",""
"clientsimulation-libressl_283","systeme-de-design.gouv.fr/160.92.25.211","443","INFO","TLSv1.2 ECDHE-RSA-AES128-GCM-SHA256","",""
"clientsimulation-openssl_102e","systeme-de-design.gouv.fr/160.92.25.211","443","INFO","TLSv1.2 ECDHE-RSA-AES128-GCM-SHA256","",""
"clientsimulation-openssl_110l","systeme-de-design.gouv.fr/160.92.25.211","443","INFO","TLSv1.2 ECDHE-RSA-AES128-GCM-SHA256","",""
"clientsimulation-openssl_111d","systeme-de-design.gouv.fr/160.92.25.211","443","INFO","TLSv1.2 ECDHE-RSA-AES128-GCM-SHA256","",""
"clientsimulation-openssl_303","systeme-de-design.gouv.fr/160.92.25.211","443","INFO","TLSv1.2 ECDHE-RSA-AES128-GCM-SHA256","",""
"clientsimulation-apple_mail_16_0","systeme-de-design.gouv.fr/160.92.25.211","443","INFO","TLSv1.2 ECDHE-RSA-AES128-GCM-SHA256","",""
"clientsimulation-thunderbird_91_9","systeme-de-design.gouv.fr/160.92.25.211","443","INFO","TLSv1.2 ECDHE-RSA-AES128-GCM-SHA256","",""
"rating_spec","systeme-de-design.gouv.fr/160.92.25.211","443","INFO","SSL Labs's 'SSL Server Rating Guide' (version 2009q from 2020-01-30)","",""
"rating_doc","systeme-de-design.gouv.fr/160.92.25.211","443","INFO","https://github.com/ssllabs/research/wiki/SSL-Server-Rating-Guide","",""
"protocol_support_score","systeme-de-design.gouv.fr/160.92.25.211","443","INFO","0","",""
"protocol_support_score_weighted","systeme-de-design.gouv.fr/160.92.25.211","443","INFO","0","",""
"key_exchange_score","systeme-de-design.gouv.fr/160.92.25.211","443","INFO","0","",""
"key_exchange_score_weighted","systeme-de-design.gouv.fr/160.92.25.211","443","INFO","0","",""
"cipher_strength_score","systeme-de-design.gouv.fr/160.92.25.211","443","INFO","0","",""
"cipher_strength_score_weighted","systeme-de-design.gouv.fr/160.92.25.211","443","INFO","0","",""
"final_score","systeme-de-design.gouv.fr/160.92.25.211","443","INFO","0","",""
"overall_grade","systeme-de-design.gouv.fr/160.92.25.211","443","CRITICAL","T","",""
"grade_cap_reason_1","systeme-de-design.gouv.fr/160.92.25.211","443","INFO","Grade capped to T. Issues with the chain of trust (expired)","",""
"grade_cap_reason_2","systeme-de-design.gouv.fr/160.92.25.211","443","INFO","Grade capped to T. Certificate expired","",""
"grade_cap_reason_3","systeme-de-design.gouv.fr/160.92.25.211","443","INFO","Grade capped to A. HSTS is not offered","",""
